{
  "avg_loss": 3.4095664024353027,
  "avg_sparsity": 0.00011718749738065526,
  "avg_sigma": 8.398204803466797
}