{"sparsity": 0.003530937332757994, "sigma_mean": 0.1588948369026184, "sigma_std": 0.049645282328128815}