{
  "avg_loss": 0.5420944094657898,
  "avg_sparsity": 0.0004150390741415322,
  "avg_sigma": 2.069077253341675
}