{
  "avg_loss": 3.409389019012451,
  "avg_sparsity": 0.00011718749738065526,
  "avg_sigma": 8.398204803466797
}